model_name,f3,f3_ajusté
XGBoost,0.5347170344646571,0.5364095961816241
Random Forest,0.5142554443025346,0.5351844213881558
Régression logistique,0.48155147692533634,0.48198367324820296
