model_name,f1,f3,f5,recall,negative predictive value,precision,roc_auc,training_time,prediction_time
Forest,0.20228743753004155,0.5191193119413325,0.6839164407699724,0.8531992890468785,0.9858543582278074,0.11474650591249655,0.8254527802757864,89.55051398277283,1.0360710620880127
RandomOver_Forest,0.19979704880523794,0.5173573802757498,0.6848110045278479,0.8584758942457231,0.9861520233915586,0.11305435474314805,0.824933699121402,123.8458890914917,1.1309082508087158
Forest_RFECV,0.19277852962805042,0.5099802193850026,0.6828338544481655,0.8663630304376805,0.9863984804287361,0.10845576731864358,0.8271551859720017,67.21486687660217,0.8066208362579346
RandomOver_Forest_RFECV,0.19047330244292957,0.5083258879436481,0.6839056584810211,0.8721950677627194,0.98676300544782,0.10691040305010893,0.8273759683476465,97.60553097724915,0.8905501365661621
SMOTENC_Forest_RFECV,0.18441292383548327,0.5028895713460573,0.6848450883048738,0.8849700066651855,0.9875179305440037,0.10293101109223285,0.8259439523910753,296.6306734085083,0.7734990119934082
