model_name,f1,f3,f5,recall,negative predictive value,precision,roc_auc,training_time,prediction_time
XGBoost,0.2678864142757585,0.5477879338929232,0.6527084578944948,0.7414692458161269,0.9799440219865451,0.16347409404013177,0.8355271289330223,18.25086212158203,0.4368019104003906
RandomOver_XGBoost,0.26714617985653694,0.5476883129372732,0.6532235828698104,0.7426646381221473,0.9799990709027868,0.16286551798098234,0.8353275853064346,42.14187717437744,0.4171147346496582
RandomOver_XGBoost_RFECV,0.26278185380094493,0.544310243312487,0.6517291161318217,0.7434253423168876,0.9799049292927573,0.15959779768570362,0.8311006164881417,26.089831113815308,0.1151723861694336
XGBoost_RFECV,0.2647508407214919,0.5398720202064891,0.6426071217480487,0.7293523147141926,0.9790462488536645,0.1617287371832717,0.8289131913375032,11.119975805282593,0.09929442405700684
