model_name,f1,f3,f5,recall,negative predictive value,precision,roc_auc,training_time,prediction_time
RandomOver_XGBoost,0.26402510788544525,0.5444807611404162,0.6508413550949965,0.7413527208636264,0.9801778757065008,0.1606128585747697,0.8333052460034058,52.5175621509552,0.4687950611114502
XGBoost,0.26478133880644145,0.5440971321048534,0.6495062261677788,0.738984357788059,0.980048247959145,0.16128528153099006,0.833358496041292,21.748627424240112,0.442462682723999
RandomOver_XGBoost_RFECV,0.26053341382903106,0.539555143277743,0.6459909256538786,0.7368363075567306,0.9797688106025321,0.15824274612318284,0.8285100268667639,35.78463101387024,0.14093279838562012
XGBoost_RFECV,0.2615916271721959,0.5373426142263759,0.6413530866404482,0.7296210619079092,0.9793380950977958,0.15936432317982774,0.8262283923811695,14.963143348693848,0.09781908988952637
