model_name,f1,f3,f5,recall,negative predictive value,precision,roc_auc,training_time,prediction_time
RandomOver_LR,0.21606743210913984,0.47984308647382556,0.5908057130180557,0.6906210601326537,0.9746146545946845,0.1280672508081075,0.7766990416810626,14.013720989227295,0.032080650329589844
LR_RFECV,0.2199029813752567,0.47973828945742175,0.5863217138707334,0.6808638930000548,0.9742373421362386,0.13112694642385853,0.7733695948784377,2.39587664604187,0.009202241897583008
RandomOver_LR_RFECV,0.22173901323533374,0.47967438587761485,0.5842276348736627,0.6763690182535768,0.9740667044421311,0.13260612573885008,0.7731707265984673,3.780407428741455,0.020894765853881836
LR,0.21444353207087166,0.4796400995179363,0.5923365128129491,0.6942937016938003,0.9747447073474471,0.12680455719520253,0.7769161106475635,10.90404224395752,0.03491544723510742
SMOTENC_LR,0.1918637626907152,0.47147655683782125,0.6077356274184633,0.7417091487145755,0.9761907168049478,0.11018281014616668,0.7686281512107397,1454.451449394226,0.02973341941833496
