{"LR": 0.5014648437500001, "Forest": 0.6503906250000003, "XGBoost": 0.46533203125}