{"LR": 0.5005859374999999, "Forest": 0.6492187500000004, "XGBoost": 0.4799804687499999}