{"LR": 0.4898437499999999, "Forest": 0.6426757812500004, "XGBoost": 0.4701171874999999}