{"LR": 0.4556640624999999, "Forest": 0.5997070312500004, "XGBoost": 0.46718749999999987}